{"stats":{"minecraft:picked_up":{"minecraft:coarse_dirt":7,"minecraft:clay_ball":8,"minecraft:andesite":71,"minecraft:tuff":3,"minecraft:gunpowder":2,"minecraft:dirt":19,"minecraft:string":3,"minecraft:raw_copper":7,"minecraft:wheat_seeds":1,"minecraft:cobbled_deepslate":63,"minecraft:spore_blossom":1,"minecraft:azalea":1,"minecraft:glass_bottle":1,"minecraft:moss_block":11,"minecraft:stick":2,"minecraft:raw_iron":8,"minecraft:pumpkin":15,"minecraft:torch":1,"minecraft:diorite":15,"minecraft:spruce_log":7,"minecraft:redstone":7,"minecraft:rotten_flesh":7,"minecraft:diamond_axe":1,"minecraft:granite":28,"minecraft:glow_berries":58,"minecraft:coal":3,"minecraft:cobblestone":154},"minecraft:mined":{"minecraft:podzol":1,"minecraft:tuff":3,"minecraft:clay":2,"minecraft:glow_lichen":1,"minecraft:cave_vines_plant":14,"minecraft:granite":29,"minecraft:short_grass":2,"minecraft:grass_block":2,"minecraft:copper_ore":3,"minecraft:tall_grass":3,"minecraft:spruce_leaves":3,"minecraft:moss_block":10,"minecraft:diorite":17,"minecraft:wall_torch":1,"minecraft:large_fern":5,"minecraft:spore_blossom":1,"minecraft:iron_ore":2,"minecraft:spruce_log":8,"minecraft:andesite":71,"minecraft:pumpkin":16,"minecraft:coal_ore":4,"minecraft:cave_vines":39,"minecraft:deepslate_iron_ore":6,"minecraft:vine":1,"minecraft:dirt":16,"minecraft:stone":151,"minecraft:tripwire":1,"minecraft:deepslate":62,"minecraft:fern":1},"minecraft:crafted":{"minecraft:wooden_sword":1,"minecraft:crafting_table":3,"minecraft:spruce_planks":28,"minecraft:wooden_pickaxe":1,"minecraft:stick":20,"minecraft:stone_pickaxe":4,"minecraft:torch":12},"minecraft:used":{"minecraft:moss_block":7,"minecraft:stone_pickaxe":367,"minecraft:wooden_pickaxe":13,"minecraft:diamond_axe":64,"minecraft:rotten_flesh":5,"minecraft:torch":13,"minecraft:glow_berries":30,"minecraft:dirt":14,"minecraft:crafting_table":3,"minecraft:string":3,"minecraft:wooden_sword":5,"minecraft:andesite":12,"minecraft:coarse_dirt":7,"minecraft:pumpkin":4},"minecraft:killed_by":{"minecraft:zombie":1},"minecraft:killed":{"minecraft:witch":1,"minecraft:spider":1,"minecraft:creeper":2,"minecraft:zombie":5},"minecraft:custom":{"minecraft:mob_kills":11,"minecraft:interact_with_crafting_table":5,"minecraft:time_since_death":35053,"minecraft:climb_one_cm":287,"minecraft:time_since_rest":35097,"minecraft:sprint_one_cm":36880,"minecraft:damage_taken":751,"minecraft:walk_one_cm":147601,"minecraft:damage_dealt":2577,"minecraft:fly_one_cm":17206,"minecraft:crouch_one_cm":295,"minecraft:play_time":35974,"minecraft:deaths":1,"minecraft:sneak_time":68,"minecraft:walk_under_water_one_cm":288,"minecraft:jump":475,"minecraft:walk_on_water_one_cm":1474,"minecraft:total_world_time":35974,"minecraft:fall_one_cm":6915},"minecraft:broken":{"minecraft:stone_pickaxe":2}},"DataVersion":3953}