{"stats":{"minecraft:picked_up":{"minecraft:oak_log":4,"minecraft:oak_sapling":2},"minecraft:custom":{"minecraft:jump":24,"minecraft:time_since_rest":34705,"minecraft:leave_game":1,"minecraft:crouch_one_cm":8,"minecraft:damage_taken":20,"minecraft:sprint_one_cm":4301,"minecraft:play_time":34705,"minecraft:time_since_death":34705,"minecraft:walk_one_cm":3887,"minecraft:sneak_time":105,"minecraft:total_world_time":34705,"minecraft:fall_one_cm":670,"minecraft:fly_one_cm":33541},"minecraft:mined":{"minecraft:oak_log":4,"minecraft:oak_leaves":4}},"DataVersion":3955}