{"stats":{"minecraft:custom":{"minecraft:time_since_rest":39130,"minecraft:crouch_one_cm":726,"minecraft:play_time":46761,"minecraft:sprint_one_cm":45136,"minecraft:deaths":4,"minecraft:damage_taken":1230,"minecraft:walk_one_cm":25897,"minecraft:sneak_time":192,"minecraft:walk_under_water_one_cm":4404,"minecraft:mob_kills":5,"minecraft:jump":200,"minecraft:damage_dealt":1034,"minecraft:walk_on_water_one_cm":1080,"minecraft:leave_game":3,"minecraft:time_since_death":39100,"minecraft:total_world_time":46761,"minecraft:interact_with_crafting_table":1,"minecraft:swim_one_cm":6508,"minecraft:fall_one_cm":13451,"minecraft:fly_one_cm":31479},"minecraft:killed":{"minecraft:skeleton":4,"minecraft:zombie":1},"minecraft:crafted":{"minecraft:wooden_sword":1,"minecraft:crafting_table":1,"minecraft:spruce_planks":16,"minecraft:stick":4,"minecraft:wooden_pickaxe":1,"minecraft:wooden_axe":1},"minecraft:mined":{"minecraft:grass_block":4,"minecraft:coarse_dirt":2,"minecraft:fire":1,"minecraft:spruce_leaves":20,"minecraft:spruce_log":25,"minecraft:crafting_table":1,"minecraft:fern":1},"minecraft:used":{"minecraft:wooden_sword":19,"minecraft:crafting_table":1,"minecraft:wooden_axe":32},"minecraft:picked_up":{"minecraft:arrow":5,"minecraft:bone":3,"minecraft:coarse_dirt":2,"minecraft:stick":2,"minecraft:wheat_seeds":1,"minecraft:spruce_sapling":1,"minecraft:spruce_log":30,"minecraft:crafting_table":1,"minecraft:dirt":23},"minecraft:killed_by":{"minecraft:skeleton":1}},"DataVersion":3953}