{"stats":{"minecraft:used":{"minecraft:oak_log":4},"minecraft:mined":{"minecraft:oak_log":4,"minecraft:oak_leaves":7},"minecraft:picked_up":{"minecraft:oak_log":4},"minecraft:custom":{"minecraft:jump":27,"minecraft:time_since_rest":9245,"minecraft:deaths":2,"minecraft:crouch_one_cm":12,"minecraft:play_time":11612,"minecraft:leave_game":2,"minecraft:sprint_one_cm":10174,"minecraft:damage_taken":530,"minecraft:time_since_death":9217,"minecraft:walk_one_cm":2363,"minecraft:sneak_time":32,"minecraft:total_world_time":11612,"minecraft:fall_one_cm":6875,"minecraft:fly_one_cm":26671}},"DataVersion":3953}