{"stats":{"minecraft:picked_up":{"minecraft:dirt":1},"minecraft:custom":{"minecraft:jump":144,"minecraft:time_since_rest":11777,"minecraft:leave_game":1,"minecraft:crouch_one_cm":163,"minecraft:sprint_one_cm":20231,"minecraft:play_time":11777,"minecraft:walk_on_water_one_cm":838,"minecraft:time_since_death":11777,"minecraft:walk_one_cm":4242,"minecraft:sneak_time":272,"minecraft:total_world_time":11777,"minecraft:fall_one_cm":1672,"minecraft:fly_one_cm":152156},"minecraft:mined":{"minecraft:short_grass":2,"minecraft:tall_grass":2,"minecraft:grass_block":1},"minecraft:used":{"minecraft:dirt":1}},"DataVersion":3955}