{"stats":{"minecraft:picked_up":{"minecraft:oak_log":4,"minecraft:oak_sapling":2},"minecraft:custom":{"minecraft:jump":10,"minecraft:time_since_rest":22868,"minecraft:crouch_one_cm":8,"minecraft:damage_taken":20,"minecraft:sprint_one_cm":3140,"minecraft:play_time":22868,"minecraft:time_since_death":22868,"minecraft:walk_one_cm":1209,"minecraft:sneak_time":105,"minecraft:total_world_time":22868,"minecraft:fall_one_cm":670,"minecraft:fly_one_cm":10634},"minecraft:mined":{"minecraft:oak_log":4,"minecraft:oak_leaves":4}},"DataVersion":3955}