{"stats":{"minecraft:mined":{"minecraft:acacia_leaves":2,"minecraft:crafting_table":3,"minecraft:short_grass":14,"minecraft:acacia_log":24,"minecraft:grass_block":29,"minecraft:tall_grass":9,"minecraft:sugar_cane":1,"minecraft:cactus":1,"minecraft:furnace":1,"minecraft:coal_ore":3,"minecraft:acacia_door":1,"minecraft:sand":2,"minecraft:dirt":20,"minecraft:acacia_planks":1,"minecraft:stone":38},"minecraft:crafted":{"minecraft:stone_shovel":1,"minecraft:crafting_table":2,"minecraft:wooden_pickaxe":2,"minecraft:furnace":1,"minecraft:cooked_mutton":2,"minecraft:air":0,"minecraft:stick":48,"minecraft:stone_pickaxe":3,"minecraft:wooden_axe":1,"minecraft:stone_sword":2,"minecraft:acacia_door":3,"minecraft:acacia_planks":72,"minecraft:torch":4},"minecraft:picked_up":{"minecraft:wooden_axe":1,"minecraft:charcoal":2,"minecraft:crafting_table":3,"minecraft:salmon":3,"minecraft:dirt":64,"minecraft:acacia_door":1,"minecraft:acacia_planks":5,"minecraft:wheat_seeds":3,"minecraft:rabbit_hide":1,"minecraft:beef":3,"minecraft:rabbit":2,"minecraft:sugar_cane":6,"minecraft:acacia_sapling":2,"minecraft:furnace":1,"minecraft:egg":1,"minecraft:torch":5,"minecraft:acacia_log":25,"minecraft:sand":1,"minecraft:diorite":1,"minecraft:cactus":4,"minecraft:stone_shovel":1,"minecraft:rotten_flesh":4,"minecraft:mutton":4,"minecraft:coal":3,"minecraft:white_wool":3,"minecraft:cobblestone":48},"minecraft:killed":{"minecraft:salmon":7,"minecraft:rabbit":1,"minecraft:spider":1,"minecraft:squid":1,"minecraft:sheep":3,"minecraft:zombie":4,"minecraft:cow":1},"minecraft:dropped":{"minecraft:cooked_mutton":1,"minecraft:acacia_log":3,"minecraft:stone_pickaxe":1},"minecraft:used":{"minecraft:cooked_mutton":1,"minecraft:stone_sword":23,"minecraft:stone_shovel":17,"minecraft:stone_pickaxe":14,"minecraft:wooden_pickaxe":39,"minecraft:rotten_flesh":2,"minecraft:torch":4,"minecraft:dirt":27,"minecraft:crafting_table":3,"minecraft:acacia_sapling":1,"minecraft:wooden_axe":22,"minecraft:acacia_door":1,"minecraft:cobblestone":3,"minecraft:furnace":1,"minecraft:acacia_planks":9},"minecraft:killed_by":{"minecraft:player":1,"minecraft:zombie":1},"minecraft:custom":{"minecraft:interact_with_furnace":9,"minecraft:mob_kills":18,"minecraft:interact_with_crafting_table":11,"minecraft:leave_game":1,"minecraft:time_since_death":4191,"minecraft:time_since_rest":4227,"minecraft:sprint_one_cm":90514,"minecraft:damage_taken":842,"minecraft:walk_one_cm":62192,"minecraft:drop":5,"minecraft:damage_dealt":1510,"minecraft:swim_one_cm":3491,"minecraft:fly_one_cm":296465,"minecraft:crouch_one_cm":2162,"minecraft:play_time":80483,"minecraft:deaths":3,"minecraft:sneak_time":928,"minecraft:walk_under_water_one_cm":1971,"minecraft:jump":556,"minecraft:walk_on_water_one_cm":2985,"minecraft:total_world_time":80483,"minecraft:fall_one_cm":12820}},"DataVersion":3955}