{"stats":{"minecraft:mined":{"minecraft:acacia_leaves":2,"minecraft:crafting_table":4,"minecraft:glow_lichen":1,"minecraft:short_grass":14,"minecraft:acacia_log":24,"minecraft:grass_block":29,"minecraft:tall_grass":9,"minecraft:sugar_cane":1,"minecraft:diorite":13,"minecraft:cactus":1,"minecraft:furnace":2,"minecraft:iron_ore":15,"minecraft:coal_ore":36,"minecraft:acacia_door":1,"minecraft:sand":2,"minecraft:dirt":22,"minecraft:acacia_planks":1,"minecraft:stone":76},"minecraft:crafted":{"minecraft:stone_shovel":1,"minecraft:crafting_table":2,"minecraft:wooden_pickaxe":2,"minecraft:iron_sword":1,"minecraft:furnace":2,"minecraft:cooked_mutton":2,"minecraft:air":0,"minecraft:iron_chestplate":1,"minecraft:stick":48,"minecraft:iron_ingot":15,"minecraft:iron_pickaxe":1,"minecraft:stone_pickaxe":4,"minecraft:wooden_axe":1,"minecraft:stone_sword":3,"minecraft:acacia_door":3,"minecraft:acacia_planks":72,"minecraft:torch":16,"minecraft:cooked_rabbit":1},"minecraft:picked_up":{"minecraft:wooden_axe":1,"minecraft:charcoal":2,"minecraft:crafting_table":4,"minecraft:andesite":1,"minecraft:salmon":3,"minecraft:dirt":66,"minecraft:acacia_door":1,"minecraft:acacia_planks":5,"minecraft:wheat_seeds":3,"minecraft:rabbit_hide":1,"minecraft:beef":3,"minecraft:rabbit":2,"minecraft:sugar_cane":6,"minecraft:acacia_sapling":2,"minecraft:furnace":2,"minecraft:egg":1,"minecraft:raw_iron":18,"minecraft:torch":5,"minecraft:acacia_log":25,"minecraft:sand":1,"minecraft:diorite":16,"minecraft:cactus":4,"minecraft:stone_shovel":1,"minecraft:rotten_flesh":4,"minecraft:mutton":4,"minecraft:coal":48,"minecraft:white_wool":3,"minecraft:cobblestone":99},"minecraft:killed":{"minecraft:salmon":7,"minecraft:rabbit":1,"minecraft:spider":1,"minecraft:squid":1,"minecraft:sheep":3,"minecraft:skeleton":1,"minecraft:zombie":4,"minecraft:cow":1},"minecraft:dropped":{"minecraft:cooked_mutton":1,"minecraft:acacia_log":3,"minecraft:stone_pickaxe":1},"minecraft:used":{"minecraft:cooked_mutton":1,"minecraft:stone_sword":30,"minecraft:stone_shovel":17,"minecraft:stone_pickaxe":54,"minecraft:wooden_pickaxe":43,"minecraft:rotten_flesh":2,"minecraft:iron_chestplate":1,"minecraft:torch":17,"minecraft:dirt":27,"minecraft:crafting_table":4,"minecraft:acacia_sapling":1,"minecraft:wooden_axe":23,"minecraft:acacia_door":1,"minecraft:iron_pickaxe":59,"minecraft:cobblestone":3,"minecraft:furnace":3,"minecraft:cooked_rabbit":1,"minecraft:acacia_planks":9},"minecraft:killed_by":{"minecraft:player":1,"minecraft:zombie":1},"minecraft:custom":{"minecraft:interact_with_furnace":23,"minecraft:mob_kills":19,"minecraft:interact_with_crafting_table":16,"minecraft:leave_game":2,"minecraft:time_since_death":15662,"minecraft:time_since_rest":15698,"minecraft:sprint_one_cm":115916,"minecraft:damage_taken":940,"minecraft:walk_one_cm":103179,"minecraft:drop":5,"minecraft:damage_dealt":1729,"minecraft:swim_one_cm":3491,"minecraft:fly_one_cm":304858,"minecraft:crouch_one_cm":2563,"minecraft:play_time":91954,"minecraft:deaths":3,"minecraft:sneak_time":1015,"minecraft:walk_under_water_one_cm":2101,"minecraft:jump":682,"minecraft:walk_on_water_one_cm":3175,"minecraft:total_world_time":91954,"minecraft:fall_one_cm":14567}},"DataVersion":3955}