{"stats":{"minecraft:mined":{"minecraft:spruce_leaves":10,"minecraft:grass_block":4,"minecraft:spruce_log":4,"minecraft:fern":1},"minecraft:picked_up":{"minecraft:stick":1,"minecraft:spruce_log":4,"minecraft:dirt":4},"minecraft:custom":{"minecraft:jump":74,"minecraft:deaths":1,"minecraft:time_since_rest":669,"minecraft:damage_taken":260,"minecraft:crouch_one_cm":207,"minecraft:play_time":4139,"minecraft:leave_game":2,"minecraft:sprint_one_cm":10468,"minecraft:time_since_death":634,"minecraft:walk_one_cm":6123,"minecraft:sneak_time":39,"minecraft:total_world_time":4139,"minecraft:fall_one_cm":5353,"minecraft:fly_one_cm":12468}},"DataVersion":3953}