{"stats":{"minecraft:crafted":{"minecraft:wooden_sword":1,"minecraft:crafting_table":1,"minecraft:spruce_planks":16,"minecraft:stick":4,"minecraft:wooden_pickaxe":1,"minecraft:wooden_axe":1},"minecraft:used":{"minecraft:wooden_axe":32,"minecraft:wooden_pickaxe":24,"minecraft:wooden_sword":22,"minecraft:crafting_table":1},"minecraft:killed":{"minecraft:skeleton":4,"minecraft:zombie":1},"minecraft:killed_by":{"minecraft:skeleton":1,"minecraft:spider":1},"minecraft:mined":{"minecraft:coarse_dirt":2,"minecraft:fire":1,"minecraft:spruce_log":25,"minecraft:andesite":5,"minecraft:crafting_table":1,"minecraft:cave_vines_plant":1,"minecraft:grass_block":4,"minecraft:cave_vines":1,"minecraft:spruce_leaves":20,"minecraft:stone":1,"minecraft:moss_block":16,"minecraft:fern":2},"minecraft:picked_up":{"minecraft:crafting_table":1,"minecraft:stick":2,"minecraft:coarse_dirt":2,"minecraft:andesite":5,"minecraft:spruce_sapling":1,"minecraft:spruce_log":30,"minecraft:dirt":23,"minecraft:arrow":5,"minecraft:bone":3,"minecraft:wheat_seeds":2,"minecraft:moss_block":13,"minecraft:glow_berries":3,"minecraft:cobblestone":1},"minecraft:custom":{"minecraft:time_since_rest":4881,"minecraft:sprint_one_cm":59412,"minecraft:damage_taken":1340,"minecraft:walk_one_cm":32389,"minecraft:mob_kills":5,"minecraft:damage_dealt":1077,"minecraft:swim_one_cm":6508,"minecraft:interact_with_crafting_table":1,"minecraft:fly_one_cm":47296,"minecraft:crouch_one_cm":1057,"minecraft:play_time":52712,"minecraft:deaths":5,"minecraft:sneak_time":358,"minecraft:walk_under_water_one_cm":4404,"minecraft:jump":264,"minecraft:leave_game":3,"minecraft:walk_on_water_one_cm":1080,"minecraft:time_since_death":4813,"minecraft:total_world_time":52712,"minecraft:fall_one_cm":16384}},"DataVersion":3953}