{"stats":{"minecraft:mined":{"minecraft:tall_grass":2,"minecraft:short_grass":2,"minecraft:grass_block":1},"minecraft:picked_up":{"minecraft:dirt":1},"minecraft:used":{"minecraft:dirt":1},"minecraft:custom":{"minecraft:jump":165,"minecraft:time_since_rest":14483,"minecraft:leave_game":1,"minecraft:crouch_one_cm":185,"minecraft:play_time":14483,"minecraft:sprint_one_cm":24652,"minecraft:time_since_death":14483,"minecraft:walk_on_water_one_cm":859,"minecraft:walk_one_cm":5296,"minecraft:sneak_time":347,"minecraft:total_world_time":14483,"minecraft:fall_one_cm":2624,"minecraft:fly_one_cm":172525}},"DataVersion":3955}