{"stats":{"minecraft:dropped":{"minecraft:wheat_seeds":3,"minecraft:diamond_axe":2,"minecraft:mossy_cobblestone":1,"minecraft:spider_eye":1,"minecraft:diamond_boots":1},"minecraft:crafted":{"minecraft:wooden_sword":1,"minecraft:crafting_table":2,"minecraft:spruce_planks":176,"minecraft:dried_kelp":30,"minecraft:wooden_pickaxe":1,"minecraft:iron_helmet":1,"minecraft:iron_sword":1,"minecraft:furnace":2,"minecraft:stone_axe":1,"minecraft:air":0,"minecraft:iron_chestplate":1,"minecraft:iron_boots":1,"minecraft:stick":20,"minecraft:iron_ingot":32,"minecraft:stone_pickaxe":2,"minecraft:iron_pickaxe":1,"minecraft:wooden_axe":1,"minecraft:chest":2,"minecraft:iron_leggings":1,"minecraft:dried_kelp_block":2,"minecraft:torch":16},"minecraft:used":{"minecraft:stone_pickaxe":161,"minecraft:dried_kelp":12,"minecraft:chest":2,"minecraft:wooden_pickaxe":31,"minecraft:iron_sword":29,"minecraft:diamond_axe":20,"minecraft:rotten_flesh":5,"minecraft:iron_chestplate":1,"minecraft:torch":22,"minecraft:glow_berries":9,"minecraft:dirt":11,"minecraft:crafting_table":3,"minecraft:big_dripleaf":1,"minecraft:wooden_axe":52,"minecraft:iron_pickaxe":95,"minecraft:stone_axe":14,"minecraft:wooden_sword":49,"minecraft:cobblestone":10,"minecraft:furnace":2,"minecraft:cobbled_deepslate":5,"minecraft:iron_leggings":1},"minecraft:broken":{"minecraft:stone_pickaxe":1,"minecraft:wooden_axe":1},"minecraft:killed":{"minecraft:spider":1,"minecraft:creeper":1,"minecraft:skeleton":8,"minecraft:zombie":11,"minecraft:enderman":1},"minecraft:killed_by":{"minecraft:skeleton":2,"minecraft:creeper":1,"minecraft:spider":1,"minecraft:zombie":1},"minecraft:mined":{"minecraft:brown_mushroom":2,"minecraft:mossy_cobblestone":1,"minecraft:deepslate_diamond_ore":3,"minecraft:kelp_plant":6,"minecraft:clay":35,"minecraft:crafting_table":1,"minecraft:torch":3,"minecraft:cave_vines_plant":5,"minecraft:short_grass":1,"minecraft:grass_block":4,"minecraft:copper_ore":4,"minecraft:spruce_leaves":24,"minecraft:deepslate_gold_ore":4,"minecraft:kelp":1,"minecraft:moss_block":27,"minecraft:diorite":7,"minecraft:wall_torch":2,"minecraft:large_fern":1,"minecraft:seagrass":2,"minecraft:tall_seagrass":2,"minecraft:redstone_ore":1,"minecraft:coarse_dirt":4,"minecraft:iron_ore":18,"minecraft:fire":1,"minecraft:cobbled_deepslate":2,"minecraft:spruce_log":42,"minecraft:andesite":7,"minecraft:vine":1,"minecraft:coal_ore":25,"minecraft:cave_vines":6,"minecraft:deepslate_iron_ore":16,"minecraft:gravel":17,"minecraft:dirt":2,"minecraft:cobweb":2,"minecraft:stone":119,"minecraft:gold_ore":6,"minecraft:deepslate":46,"minecraft:fern":9},"minecraft:custom":{"minecraft:interact_with_furnace":22,"minecraft:mob_kills":22,"minecraft:interact_with_crafting_table":16,"minecraft:leave_game":5,"minecraft:time_since_death":3788,"minecraft:climb_one_cm":606,"minecraft:time_since_rest":3816,"minecraft:sprint_one_cm":221138,"minecraft:damage_taken":3073,"minecraft:walk_one_cm":116016,"minecraft:drop":6,"minecraft:damage_dealt":4557,"minecraft:swim_one_cm":43757,"minecraft:fly_one_cm":151406,"minecraft:open_chest":1,"minecraft:crouch_one_cm":2956,"minecraft:play_time":117727,"minecraft:deaths":10,"minecraft:sneak_time":1181,"minecraft:walk_under_water_one_cm":5816,"minecraft:jump":793,"minecraft:walk_on_water_one_cm":10479,"minecraft:total_world_time":117727,"minecraft:fall_one_cm":30668},"minecraft:picked_up":{"minecraft:crafting_table":1,"minecraft:coarse_dirt":4,"minecraft:clay_ball":140,"minecraft:andesite":7,"minecraft:brown_mushroom":2,"minecraft:flint":3,"minecraft:dirt":35,"minecraft:string":3,"minecraft:raw_copper":18,"minecraft:bone":8,"minecraft:kelp":35,"minecraft:bow":1,"minecraft:wheat_seeds":6,"minecraft:cobbled_deepslate":47,"minecraft:raw_gold":11,"minecraft:moss_block":27,"minecraft:stick":2,"minecraft:raw_iron":33,"minecraft:pumpkin":1,"minecraft:big_dripleaf":1,"minecraft:oak_fence":3,"minecraft:torch":6,"minecraft:gravel":41,"minecraft:spruce_sapling":2,"minecraft:diorite":9,"minecraft:spruce_log":48,"minecraft:redstone":4,"minecraft:spider_eye":1,"minecraft:mossy_cobblestone":1,"minecraft:arrow":9,"minecraft:rotten_flesh":7,"minecraft:diamond":2,"minecraft:diamond_axe":1,"minecraft:glow_berries":9,"minecraft:coal":23,"minecraft:cobblestone":120}},"DataVersion":3953}