{"stats":{"minecraft:mined":{"minecraft:short_grass":8,"minecraft:acacia_log":4,"minecraft:grass_block":3,"minecraft:dirt":11,"minecraft:tall_grass":3,"minecraft:stone":16},"minecraft:crafted":{"minecraft:crafting_table":1,"minecraft:stick":8,"minecraft:wooden_pickaxe":1,"minecraft:stone_pickaxe":2,"minecraft:stone_sword":1,"minecraft:furnace":1,"minecraft:acacia_planks":16},"minecraft:picked_up":{"minecraft:acacia_log":7,"minecraft:dirt":25,"minecraft:acacia_planks":4,"minecraft:rotten_flesh":2,"minecraft:wheat_seeds":1,"minecraft:mutton":1,"minecraft:white_wool":1,"minecraft:cobblestone":16},"minecraft:killed":{"minecraft:sheep":1,"minecraft:zombie":1},"minecraft:dropped":{"minecraft:stone_pickaxe":1,"minecraft:acacia_log":3},"minecraft:used":{"minecraft:stone_sword":5,"minecraft:wooden_pickaxe":16,"minecraft:dirt":25,"minecraft:crafting_table":1,"minecraft:furnace":1,"minecraft:acacia_planks":4},"minecraft:killed_by":{"minecraft:zombie":1},"minecraft:custom":{"minecraft:time_since_rest":3934,"minecraft:interact_with_furnace":3,"minecraft:sprint_one_cm":39379,"minecraft:damage_taken":223,"minecraft:walk_one_cm":23170,"minecraft:mob_kills":2,"minecraft:drop":4,"minecraft:damage_dealt":146,"minecraft:interact_with_crafting_table":3,"minecraft:fly_one_cm":246567,"minecraft:crouch_one_cm":1730,"minecraft:play_time":62483,"minecraft:deaths":1,"minecraft:sneak_time":783,"minecraft:jump":279,"minecraft:leave_game":1,"minecraft:time_since_death":3903,"minecraft:walk_on_water_one_cm":944,"minecraft:total_world_time":62483,"minecraft:fall_one_cm":3936}},"DataVersion":3955}