{"stats":{"minecraft:mined":{"minecraft:seagrass":1,"minecraft:iron_ore":10,"minecraft:short_grass":9,"minecraft:acacia_log":8,"minecraft:coal_ore":7,"minecraft:grass_block":11,"minecraft:dirt":33,"minecraft:copper_ore":16,"minecraft:stone":137,"minecraft:wall_torch":2,"minecraft:diorite":64,"minecraft:sandstone":5},"minecraft:crafted":{"minecraft:acacia_wood":3,"minecraft:charcoal":2,"minecraft:crafting_table":1,"minecraft:stick":8,"minecraft:acacia_planks":4,"minecraft:torch":12,"minecraft:white_carpet":3,"minecraft:cooked_mutton":2},"minecraft:picked_up":{"minecraft:raw_iron":7,"minecraft:crafting_table":1,"minecraft:sandstone":1,"minecraft:feather":1,"minecraft:chicken":1,"minecraft:salmon":7,"minecraft:torch":4,"minecraft:wooden_pickaxe":1,"minecraft:acacia_log":12,"minecraft:ink_sac":2,"minecraft:diorite":35,"minecraft:string":1,"minecraft:dirt":69,"minecraft:raw_copper":47,"minecraft:acacia_door":3,"minecraft:cooked_mutton":1,"minecraft:stone_sword":2,"minecraft:rotten_flesh":3,"minecraft:acacia_planks":16,"minecraft:wheat_seeds":2,"minecraft:rabbit_hide":1,"minecraft:beef":3,"minecraft:stone_pickaxe":3,"minecraft:mutton":4,"minecraft:coal":6,"minecraft:egg":1,"minecraft:white_wool":3,"minecraft:cobblestone":114,"minecraft:furnace":1},"minecraft:broken":{"minecraft:stone_pickaxe":1},"minecraft:killed":{"minecraft:zombie":1,"minecraft:chicken":1,"minecraft:salmon":1},"minecraft:dropped":{"minecraft:dirt":5,"minecraft:torch":1,"minecraft:charcoal":2},"minecraft:used":{"minecraft:cooked_mutton":3,"minecraft:stone_pickaxe":275,"minecraft:torch":14,"minecraft:dirt":10},"minecraft:custom":{"minecraft:time_since_rest":37500,"minecraft:interact_with_furnace":3,"minecraft:damage_taken":340,"minecraft:walk_one_cm":73334,"minecraft:mob_kills":3,"minecraft:drop":8,"minecraft:damage_dealt":799,"minecraft:player_kills":1,"minecraft:fly_one_cm":1374,"minecraft:play_time":37500,"minecraft:walk_under_water_one_cm":14948,"minecraft:jump":315,"minecraft:leave_game":1,"minecraft:time_since_death":37500,"minecraft:walk_on_water_one_cm":5624,"minecraft:total_world_time":37500,"minecraft:fall_one_cm":5934}},"DataVersion":3955}