{"stats":{"minecraft:mined":{"minecraft:short_grass":6,"minecraft:acacia_log":6,"minecraft:grass_block":11,"minecraft:dirt":16},"minecraft:crafted":{"minecraft:acacia_wood":3,"minecraft:acacia_planks":4,"minecraft:charcoal":2,"minecraft:stick":4},"minecraft:picked_up":{"minecraft:acacia_log":6,"minecraft:stone_pickaxe":1,"minecraft:dirt":21},"minecraft:dropped":{"minecraft:dirt":5},"minecraft:used":{"minecraft:dirt":8,"minecraft:stone_pickaxe":1},"minecraft:custom":{"minecraft:time_since_rest":8066,"minecraft:play_time":8066,"minecraft:interact_with_furnace":1,"minecraft:damage_taken":10,"minecraft:walk_one_cm":13860,"minecraft:drop":5,"minecraft:jump":53,"minecraft:damage_dealt":312,"minecraft:time_since_death":8066,"minecraft:total_world_time":8066,"minecraft:fall_one_cm":418,"minecraft:fly_one_cm":259}},"DataVersion":3955}