{"stats":{"minecraft:used":{"minecraft:creeper_spawn_egg":2,"minecraft:oak_leaves":7,"minecraft:dirt":1,"minecraft:mace":3,"minecraft:wolf_spawn_egg":12,"minecraft:grass_block":3},"minecraft:custom":{"minecraft:time_since_rest":15588,"minecraft:crouch_one_cm":57,"minecraft:sprint_one_cm":14989,"minecraft:play_time":18841,"minecraft:walk_one_cm":8798,"minecraft:damage_taken":270,"minecraft:deaths":1,"minecraft:sneak_time":107,"minecraft:mob_kills":2,"minecraft:jump":69,"minecraft:damage_dealt":400,"minecraft:leave_game":2,"minecraft:time_since_death":15555,"minecraft:total_world_time":18841,"minecraft:fall_one_cm":2414,"minecraft:fly_one_cm":60582},"minecraft:killed_by":{"minecraft:zombie":1},"minecraft:killed":{"minecraft:skeleton":1,"minecraft:creeper":1},"minecraft:picked_up":{"minecraft:birch_sapling":1,"minecraft:dirt":1},"minecraft:mined":{"minecraft:short_grass":1,"minecraft:grass_block":1,"minecraft:birch_leaves":4,"minecraft:oak_leaves":2}},"DataVersion":3955}