{"stats":{"minecraft:picked_up":{"minecraft:birch_sapling":1,"minecraft:dirt":2},"minecraft:used":{"minecraft:creeper_spawn_egg":2,"minecraft:oak_leaves":7,"minecraft:dirt":2,"minecraft:mace":3,"minecraft:wolf_spawn_egg":13,"minecraft:grass_block":3},"minecraft:killed":{"minecraft:skeleton":1,"minecraft:creeper":1},"minecraft:killed_by":{"minecraft:zombie":1},"minecraft:mined":{"minecraft:short_grass":1,"minecraft:grass_block":2,"minecraft:birch_leaves":4,"minecraft:oak_leaves":2},"minecraft:custom":{"minecraft:time_since_rest":28280,"minecraft:crouch_one_cm":98,"minecraft:play_time":31533,"minecraft:sprint_one_cm":16852,"minecraft:deaths":1,"minecraft:damage_taken":270,"minecraft:walk_one_cm":9518,"minecraft:sneak_time":116,"minecraft:mob_kills":2,"minecraft:jump":75,"minecraft:damage_dealt":400,"minecraft:leave_game":3,"minecraft:time_since_death":28247,"minecraft:total_world_time":31533,"minecraft:fall_one_cm":2623,"minecraft:fly_one_cm":65178}},"DataVersion":3955}