{
  "minecraft:recipes/misc/charcoal": {
    "criteria": {
      "has_log": "2024-09-09 04:36:15 +0000"
    },
    "done": true
  },
  "minecraft:recipes/decorations/crafting_table": {
    "criteria": {
      "unlock_right_away": "2024-09-09 04:35:11 +0000"
    },
    "done": true
  },
  "minecraft:recipes/building_blocks/oak_planks": {
    "criteria": {
      "has_logs": "2024-09-09 04:36:15 +0000"
    },
    "done": true
  },
  "minecraft:adventure/adventuring_time": {
    "criteria": {
      "minecraft:forest": "2024-09-09 04:35:11 +0000",
      "minecraft:dripstone_caves": "2024-09-09 04:36:55 +0000",
      "minecraft:plains": "2024-09-09 05:03:58 +0000"
    },
    "done": false
  },
  "minecraft:recipes/building_blocks/oak_wood": {
    "criteria": {
      "has_log": "2024-09-09 04:36:15 +0000"
    },
    "done": true
  },
  "DataVersion": 3955
}