{
  "minecraft:recipes/decorations/crafting_table": {
    "criteria": {
      "unlock_right_away": "2024-09-09 05:07:36 +0000"
    },
    "done": true
  },
  "minecraft:adventure/adventuring_time": {
    "criteria": {
      "minecraft:forest": "2024-09-09 05:07:37 +0000",
      "minecraft:river": "2024-09-09 05:18:21 +0000",
      "minecraft:dripstone_caves": "2024-09-09 05:17:18 +0000",
      "minecraft:plains": "2024-09-09 05:17:57 +0000"
    },
    "done": false
  },
  "minecraft:adventure/root": {
    "criteria": {
      "killed_by_something": "2024-09-09 05:10:21 +0000"
    },
    "done": true
  },
  "minecraft:adventure/kill_all_mobs": {
    "criteria": {
      "minecraft:skeleton": "2024-09-09 05:12:02 +0000",
      "minecraft:creeper": "2024-09-09 05:12:19 +0000"
    },
    "done": false
  },
  "minecraft:adventure/kill_a_mob": {
    "criteria": {
      "minecraft:skeleton": "2024-09-09 05:12:02 +0000"
    },
    "done": true
  },
  "DataVersion": 3955
}